[
  {
    "Author": "aiczk",
    "Name": "Astro",
    "Description": "Simplify the astrologian's operation.",
    "Changelog": "I felt that Astro was interfering with other jobs, so I modified it to apply only when I was an astrologian.\nAdded a description to readme.md on github about the problem that Astro removes type-ahead.\nThe crashing issue is known and we would like to work positively on the fix.\nI'm waiting for a bug report. Thank you for using Astro.",
    "InternalName": "Astro",
    "AssemblyVersion": "0.0.0.8",
    "RepoUrl": "https://github.com/aiczk/Astro",
    "ApplicableVersion": "any",
    "DalamudApiLevel": 6,
    "IsHide": false,
    "IsTestingExclusive": false,
    "DownloadLinkInstall": "https://github.com/aiczk/Astro/raw/main/Resource/latest.zip",
    "DownloadLinkTesting": "https://github.com/aiczk/Astro/raw/main/Resource/latest.zip",
    "DownloadLinkUpdate": "https://github.com/aiczk/Astro/raw/main/Resource/latest.zip"
  }
]