[
  {
    "Author": "aiczk",
    "Name": "Astro",
    "Description": "Simplify the astrologian's operation.",
    "Changelog": "Fixed a bug that caused play to run automatically when using Malefic when Divination was possible.\nAdded the ability to deal cards to optimal party members simply by executing a play.\nAdded more toggles to options to enable/disable auto play/redraw.\nSuperLargeEggplant, <3, thanks for the support!",
    "IconUrl": "https://github.com/aiczk/Astro/raw/main/Resource/space.png",
    "InternalName": "Astro",
    "AssemblyVersion": "0.0.1.1",
    "RepoUrl": "https://github.com/aiczk/Astro",
    "ApplicableVersion": "any",
    "DalamudApiLevel": 6,
    "IsHide": false,
    "IsTestingExclusive": false,
    "DownloadLinkInstall": "https://github.com/aiczk/Astro/raw/main/Resource/latest.zip",
    "DownloadLinkTesting": "https://github.com/aiczk/Astro/raw/main/Resource/latest.zip",
    "DownloadLinkUpdate": "https://github.com/aiczk/Astro/raw/main/Resource/latest.zip"
  }
]