[
  {
    "Author": "aiczk",
    "Name": "Astro",
    "Description": "Simplify the astrologian's operation.",
    "Changelog": "ver1.22 - In the \"Deal three cards at burst\" option, the priority of dealing overflow cards can now be set in the Mini Burst tab.\nver1.21 - The \"Enable autoplay\" option conflicts with the \"Deal 3 cards at burst\" option, and has been corrected so that only one of these options can be select.",
    "IconUrl": "https://github.com/aiczk/Astro/raw/main/Resource/space.png",
    "InternalName": "Astro",
    "AssemblyVersion": "0.0.1.22",
    "RepoUrl": "https://github.com/aiczk/Astro",
    "ApplicableVersion": "any",
    "DalamudApiLevel": 6,
    "IsHide": false,
    "IsTestingExclusive": false,
    "DownloadLinkInstall": "https://github.com/aiczk/Astro/raw/main/Resource/latest.zip",
    "DownloadLinkTesting": "https://github.com/aiczk/Astro/raw/main/Resource/latest.zip",
    "DownloadLinkUpdate": "https://github.com/aiczk/Astro/raw/main/Resource/latest.zip"
  }
]