[
  {
    "Author": "aiczk",
    "Name": "Astro",
    "Description": "Simplify the astrologian's operation.",
    "Changelog": "No changes have been made to the operation.\nThe design of each PriorityList was changed from \"Button\" to \"Selectable\" and some text was added accordingly.\nThe order of priority in which cards are dealt can now be specified.",
    "IconUrl": "https://github.com/aiczk/Astro/raw/main/Resource/space.png",
    "InternalName": "Astro",
    "AssemblyVersion": "0.0.1.9",
    "RepoUrl": "https://github.com/aiczk/Astro",
    "ApplicableVersion": "any",
    "DalamudApiLevel": 6,
    "IsHide": false,
    "IsTestingExclusive": false,
    "DownloadLinkInstall": "https://github.com/aiczk/Astro/raw/main/Resource/latest.zip",
    "DownloadLinkTesting": "https://github.com/aiczk/Astro/raw/main/Resource/latest.zip",
    "DownloadLinkUpdate": "https://github.com/aiczk/Astro/raw/main/Resource/latest.zip"
  }
]