[
  {
    "Author": "aiczk",
    "Name": "Astro",
    "Description": "Simplify the astrologian's operation.",
    "Changelog": "Fixed a bug in which on and off were reversed.\nAlso, the \"Avoid overflowing cards\" option is now included in the \"Deal three cards at burst\" option.",
    "IconUrl": "https://github.com/aiczk/Astro/raw/main/Resource/space.png",
    "InternalName": "Astro",
    "AssemblyVersion": "0.0.1.17",
    "RepoUrl": "https://github.com/aiczk/Astro",
    "ApplicableVersion": "any",
    "DalamudApiLevel": 6,
    "IsHide": false,
    "IsTestingExclusive": false,
    "DownloadLinkInstall": "https://github.com/aiczk/Astro/raw/main/Resource/latest.zip",
    "DownloadLinkTesting": "https://github.com/aiczk/Astro/raw/main/Resource/latest.zip",
    "DownloadLinkUpdate": "https://github.com/aiczk/Astro/raw/main/Resource/latest.zip"
  }
]