[
  {
    "Author": "aiczk",
    "Name": "SkillDisplay",
    "Description": "Displays actions taken by the player. (Jobs that use combo plugins are not supported.)",
    "InternalName": "SkillDisplay",
    "AssemblyVersion": "0.0.0.1",
    "RepoUrl": "https://github.com/aiczk/Cookie",
    "ApplicableVersion": "any",
    "DalamudApiLevel": 6,
    "IsHide": false,
    "IsTestingExclusive": false,
    "DownloadLinkInstall": "https://github.com/aiczk/SkillDisplay/raw/main/Resource/latest.zip",
    "DownloadLinkTesting": "https://github.com/aiczk/SkillDisplay/raw/main/Resource/latest.zip",
    "DownloadLinkUpdate": "https://github.com/aiczk/SkillDisplay/raw/main/Resource/latest.zip"
  }
]